"No.","Time","Source","Destination","Protocol","Length","Info"
"1","0.000000","TPLink_50:fe:5d","Intel_81:40:ca","ARP","60","Who has 192.168.0.108? Tell 192.168.0.1"
"2","0.000093","Intel_81:40:ca","TPLink_50:fe:5d","ARP","42","192.168.0.108 is at 08:9d:f4:81:40:ca"
"3","0.001663","192.168.0.1","192.168.0.108","NBNS","92","Name query NBSTAT *<00><00><00><00><00><00><00><00><00><00><00><00><00><00><00>"
"4","0.379332","192.168.0.108","138.199.14.88","TCP","55","60233  >  443 [ACK] Seq=1 Ack=1 Win=64174 Len=1 [TCP segment of a reassembled PDU]"
"5","0.382405","138.199.14.88","192.168.0.108","TCP","54","443  >  60233 [ACK] Seq=0 Ack=2 Win=63452 Len=0"
"6","0.382524","192.168.0.108","138.199.14.88","TCP","54","[TCP Dup ACK 4#1] [TCP ACKed unseen segment] 60233  >  443 [ACK] Seq=2 Ack=1 Win=64174 Len=0"
"7","0.613834","138.199.14.88","192.168.0.108","TCP","54","[TCP Previous segment not captured] 443  >  60233 [ACK] Seq=1 Ack=2 Win=63452 Len=0"
"8","0.693882","192.168.0.126","224.0.0.22","IGMPv3","54","Membership Report / Join group 224.77.77.77 for any sources"
"9","0.693882","192.168.0.132","224.0.0.22","IGMPv3","60","Membership Report / Join group 224.0.0.251 for any sources"
"10","0.715051","TPLink_50:fe:5d","Intel_81:40:ca","ARP","60","Who has 192.168.0.108? Tell 192.168.0.1"
"11","0.715084","Intel_81:40:ca","TPLink_50:fe:5d","ARP","42","192.168.0.108 is at 08:9d:f4:81:40:ca"
"12","0.718139","192.168.0.1","192.168.0.108","NBNS","92","Name query NBSTAT *<00><00><00><00><00><00><00><00><00><00><00><00><00><00><00>"
"13","1.433175","TPLink_50:fe:5d","Intel_81:40:ca","ARP","60","Who has 192.168.0.108? Tell 192.168.0.1"
"14","1.433206","Intel_81:40:ca","TPLink_50:fe:5d","ARP","42","192.168.0.108 is at 08:9d:f4:81:40:ca"
"15","1.433510","192.168.0.1","192.168.0.108","NBNS","92","Name query NBSTAT *<00><00><00><00><00><00><00><00><00><00><00><00><00><00><00>"
"16","1.740220","192.168.0.126","224.0.0.22","IGMPv3","54","Membership Report / Join group 224.0.0.251 for any sources"
"17","2.150120","TPLink_50:fe:5d","Intel_81:40:ca","ARP","60","Who has 192.168.0.108? Tell 192.168.0.1"
"18","2.150120","192.168.0.1","192.168.0.108","NBNS","92","Name query NBSTAT *<00><00><00><00><00><00><00><00><00><00><00><00><00><00><00>"
"19","2.150120","192.168.0.145","224.0.0.22","IGMPv3","62","Membership Report / Join group 239.255.255.250 for any sources / Join group 224.0.0.251 for any sources"
"20","2.150206","Intel_81:40:ca","TPLink_50:fe:5d","ARP","42","192.168.0.108 is at 08:9d:f4:81:40:ca"
"21","2.457572","fe80::5ee9:31ff:fe50:fe5d","ff02::1","ICMPv6","110","Router Advertisement from 5c:e9:31:50:fe:5d"
"22","2.710217","192.168.0.108","224.0.0.22","IGMPv3","54","Membership Report / Join group 239.255.102.18 for any sources"
"23","2.712889","192.168.0.126","224.0.0.22","IGMPv3","54","Membership Report / Join group 224.0.0.252 for any sources"
"24","2.851277","2406:7400:104:f6f1:e80d:3eb4:6ca8:ae06","2404:6800:4007:821::200e","TCP","75","60408  >  443 [ACK] Seq=1 Ack=1 Win=2061 Len=1 [TCP segment of a reassembled PDU]"
"25","2.871351","2404:6800:4007:821::200e","2406:7400:104:f6f1:e80d:3eb4:6ca8:ae06","TCP","86","443  >  60408 [ACK] Seq=1 Ack=2 Win=489 Len=0 SLE=1 SRE=2"
"26","3.480964","192.168.0.119","224.0.0.22","IGMPv3","54","Membership Report / Join group 239.255.255.250 for any sources"
"27","4.197980","192.168.0.100","255.255.255.255","UDP","762","60615  >  29810 Len=720"
"28","4.710522","192.168.0.132","224.0.0.22","IGMPv3","60","Membership Report / Join group 224.0.0.252 for any sources"
"29","5.017230","192.168.0.119","224.0.0.22","IGMPv3","62","Membership Report / Join group 224.0.0.252 for any sources / Join group 224.0.0.251 for any sources"
"30","5.709800","192.168.0.108","224.0.0.22","IGMPv3","54","Membership Report / Join group 224.0.0.251 for any sources"
"31","6.215728","192.168.0.108","224.0.0.22","IGMPv3","62","Membership Report / Join group 224.0.0.252 for any sources / Join group 239.255.255.250 for any sources"
"32","6.219380","192.168.0.126","224.0.0.22","IGMPv3","54","Membership Report / Join group 239.255.102.18 for any sources"
"33","6.665134","Intel_81:40:ca","Broadcast","ARP","42","Who has 192.168.0.1? Tell 192.168.0.108"
"34","6.677200","TPLink_50:fe:5d","Intel_81:40:ca","ARP","42","192.168.0.1 is at 5c:e9:31:50:fe:5d"
"35","7.373346","fe80::5ee9:31ff:fe50:fe5d","ff02::1","ICMPv6","110","Router Advertisement from 5c:e9:31:50:fe:5d"
"36","7.373346","fe80::5ee9:31ff:fe50:fe5d","ff02::1","ICMPv6","90","Multicast Listener Query"
"37","7.418475","2406:7400:104:f6f1:e80d:3eb4:6ca8:ae06","2406:7400:a:10::2","DNS","100","Standard query 0x6d9e A ip-info.ff.avast.com"
"38","7.429918","2406:7400:a:10::2","2406:7400:104:f6f1:e80d:3eb4:6ca8:ae06","DNS","142","Standard query response 0x6d9e A ip-info.ff.avast.com CNAME ip-info-gcp.ff.avast.com A 34.149.149.62"
"39","7.436258","2406:7400:104:f6f1:e80d:3eb4:6ca8:ae06","2406:7400:a:10::2","DNS","100","Standard query 0xdb6e A ip-info.ff.avast.com"
"40","7.436621","2406:7400:104:f6f1:e80d:3eb4:6ca8:ae06","2406:7400:a:10::2","DNS","100","Standard query 0xfb2e AAAA ip-info.ff.avast.com"
"41","7.446546","2406:7400:a:10::2","2406:7400:104:f6f1:e80d:3eb4:6ca8:ae06","DNS","142","Standard query response 0xdb6e A ip-info.ff.avast.com CNAME ip-info-gcp.ff.avast.com A 34.149.149.62"
"42","7.446636","2406:7400:a:10::2","2406:7400:104:f6f1:e80d:3eb4:6ca8:ae06","DNS","191","Standard query response 0xfb2e AAAA ip-info.ff.avast.com CNAME ip-info-gcp.ff.avast.com SOA dns1.p03.nsone.net"
"43","7.449539","192.168.0.108","34.149.149.62","TCP","66","60444  >  443 [SYN] Seq=0 Win=64240 Len=0 MSS=1460 WS=256 SACK_PERM"
"44","7.465713","34.149.149.62","192.168.0.108","TCP","66","443  >  60444 [SYN, ACK] Seq=0 Ack=1 Win=65535 Len=0 MSS=1412 SACK_PERM WS=256"
"45","7.465816","192.168.0.108","34.149.149.62","TCP","54","60444  >  443 [ACK] Seq=1 Ack=1 Win=131072 Len=0"
"46","7.467068","192.168.0.108","34.149.149.62","TLSv1.3","348","Client Hello (SNI=ip-info.ff.avast.com)"
"47","7.467648","fe80::e5d9:fd8b:cb10:bfff","ff02::16","ICMPv6","190","Multicast Listener Report Message v2"
"48","7.697226","192.168.0.108","34.149.149.62","TCP","348","[TCP Retransmission] 60444  >  443 [PSH, ACK] Seq=1 Ack=1 Win=131072 Len=294"
"49","7.712835","fe80::d5cb:38e:f15e:8f4","ff02::16","ICMPv6","190","Multicast Listener Report Message v2"
"50","7.795048","34.149.149.62","192.168.0.108","TCP","54","443  >  60444 [ACK] Seq=1 Ack=295 Win=66816 Len=0"
"51","7.795048","34.149.149.62","192.168.0.108","TLSv1.3","1466","Server Hello, Change Cipher Spec"
"52","7.795048","34.149.149.62","192.168.0.108","TCP","1466","443  >  60444 [PSH, ACK] Seq=1413 Ack=295 Win=66816 Len=1412 [TCP segment of a reassembled PDU]"
"53","7.795048","34.149.149.62","192.168.0.108","TCP","1466","443  >  60444 [ACK] Seq=2825 Ack=295 Win=66816 Len=1412 [TCP segment of a reassembled PDU]"
"54","7.795048","34.149.149.62","192.168.0.108","TLSv1.3","361","Application Data"
"55","7.795048","34.149.149.62","192.168.0.108","TCP","361","[TCP Retransmission] 443  >  60444 [PSH, ACK] Seq=4237 Ack=295 Win=66816 Len=307 [TCP segment of a reassembled PDU]"
"56","7.795265","192.168.0.108","34.149.149.62","TCP","66","60444  >  443 [ACK] Seq=295 Ack=4544 Win=131072 Len=0 SLE=4237 SRE=4544"
"57","7.795458","fe80::26b1:5ff:fe06:7bf0","ff02::16","ICMPv6","90","Multicast Listener Report Message v2"
"58","7.795458","fe80::b618:538:316c:256b","ff02::16","ICMPv6","190","Multicast Listener Report Message v2"
"59","7.795458","fe80::4dd:ccff:fe10:a79f","ff02::16","ICMPv6","190","Multicast Listener Report Message v2"
"60","7.795458","34.149.149.62","192.168.0.108","TCP","1466","[TCP Spurious Retransmission] 443  >  60444 [ACK] Seq=1 Ack=295 Win=66816 Len=1412"
"61","7.795630","192.168.0.108","34.149.149.62","TCP","66","[TCP Dup ACK 56#1] 60444  >  443 [ACK] Seq=295 Ack=4544 Win=131072 Len=0 SLE=1 SRE=1413"
"62","7.803134","192.168.0.108","34.149.149.62","TLSv1.3","134","Change Cipher Spec, Application Data"
"63","7.810906","192.168.0.108","34.149.149.62","TLSv1.3","244","Application Data"
"64","7.812178","34.149.149.62","192.168.0.108","TCP","66","[TCP Dup ACK 50#1] 443  >  60444 [ACK] Seq=4544 Ack=295 Win=66816 Len=0 SLE=1 SRE=295"
"65","7.819523","34.149.149.62","192.168.0.108","TCP","54","443  >  60444 [ACK] Seq=4544 Ack=375 Win=66816 Len=0"
"66","7.884422","34.149.149.62","192.168.0.108","TCP","54","443  >  60444 [ACK] Seq=4544 Ack=565 Win=67840 Len=0"
"67","7.991342","TPLink_50:fe:5d","Intel_81:40:ca","ARP","60","Who has 192.168.0.108? Tell 192.168.0.1"
"68","7.991399","Intel_81:40:ca","TPLink_50:fe:5d","ARP","42","192.168.0.108 is at 08:9d:f4:81:40:ca"
"69","7.991469","192.168.0.1","192.168.0.108","NBNS","92","Name query NBSTAT *<00><00><00><00><00><00><00><00><00><00><00><00><00><00><00>"
"70","7.991469","fe80::fc34:32ff:fee4:fafa","ff02::16","ICMPv6","110","Multicast Listener Report Message v2"
"71","8.042283","34.149.149.62","192.168.0.108","TLSv1.3","777","Application Data, Application Data"
"72","8.042283","34.149.149.62","192.168.0.108","TLSv1.3","378","Application Data"
"73","8.042433","192.168.0.108","34.149.149.62","TCP","54","60444  >  443 [ACK] Seq=565 Ack=5591 Win=130048 Len=0"
"74","8.052775","34.149.149.62","192.168.0.108","TCP","378","[TCP Spurious Retransmission] 443  >  60444 [PSH, ACK] Seq=5267 Ack=565 Win=67840 Len=324"
"75","8.052849","192.168.0.108","34.149.149.62","TCP","66","[TCP Dup ACK 73#1] 60444  >  443 [ACK] Seq=565 Ack=5591 Win=130048 Len=0 SLE=5267 SRE=5591"
"76","8.083027","2406:7400:104:f6f1:e80d:3eb4:6ca8:ae06","2406:7400:a:10::2","DNS","98","Standard query 0x1de2 A emupdate.avcdn.net"
"77","8.084704","2406:7400:a:10::2","2406:7400:104:f6f1:e80d:3eb4:6ca8:ae06","DNS","205","Standard query response 0x1de2 A emupdate.avcdn.net CNAME emupdate.avcdn.net.edgesuite.net CNAME a1544.dscd.akamai.net A 202.83.26.114 A 202.83.26.107"
"78","8.087312","2406:7400:104:f6f1:e80d:3eb4:6ca8:ae06","2406:7400:a:10::2","DNS","98","Standard query 0xb72f A emupdate.avcdn.net"
"79","8.087471","2406:7400:104:f6f1:e80d:3eb4:6ca8:ae06","2406:7400:a:10::2","DNS","98","Standard query 0xc532 AAAA emupdate.avcdn.net"
"80","8.089484","2406:7400:a:10::2","2406:7400:104:f6f1:e80d:3eb4:6ca8:ae06","DNS","205","Standard query response 0xb72f A emupdate.avcdn.net CNAME emupdate.avcdn.net.edgesuite.net CNAME a1544.dscd.akamai.net A 202.83.26.114 A 202.83.26.107"
"81","8.125987","2406:7400:104:f6f1:e80d:3eb4:6ca8:ae06","2406:7400:b0:b::2","DNS","98","Standard query 0xc532 AAAA emupdate.avcdn.net"
"82","8.135482","2406:7400:a:10::2","2406:7400:104:f6f1:e80d:3eb4:6ca8:ae06","DNS","229","Standard query response 0xc532 AAAA emupdate.avcdn.net CNAME emupdate.avcdn.net.edgesuite.net CNAME a1544.dscd.akamai.net AAAA 2406:7400:9::173e:c2a AAAA 2406:7400:9::173e:c21"
"83","8.138895","2406:7400:104:f6f1:e80d:3eb4:6ca8:ae06","2406:7400:9::173e:c2a","TCP","86","60445  >  80 [SYN] Seq=0 Win=64800 Len=0 MSS=1440 WS=256 SACK_PERM"
"84","8.140742","2406:7400:9::173e:c2a","2406:7400:104:f6f1:e80d:3eb4:6ca8:ae06","TCP","86","80  >  60445 [SYN, ACK] Seq=0 Ack=1 Win=64800 Len=0 MSS=1420 SACK_PERM WS=128"
"85","8.140905","2406:7400:104:f6f1:e80d:3eb4:6ca8:ae06","2406:7400:9::173e:c2a","TCP","74","60445  >  80 [ACK] Seq=1 Ack=1 Win=131840 Len=0"
"86","8.141181","2406:7400:104:f6f1:e80d:3eb4:6ca8:ae06","2406:7400:9::173e:c2a","HTTP","257","HEAD /files/emupdate/pong.txt HTTP/1.1 "
"87","8.143788","2406:7400:9::173e:c2a","2406:7400:104:f6f1:e80d:3eb4:6ca8:ae06","TCP","74","80  >  60445 [ACK] Seq=1 Ack=184 Win=64640 Len=0"
"88","8.145168","2406:7400:9::173e:c2a","2406:7400:104:f6f1:e80d:3eb4:6ca8:ae06","HTTP","511","HTTP/1.1 200 OK "
"89","8.174264","2406:7400:104:f6f1:e80d:3eb4:6ca8:ae06","2406:7400:a:10::2","DNS","99","Standard query 0xa298 A analytics.avcdn.net"
"90","8.174959","2406:7400:104:f6f1:e80d:3eb4:6ca8:ae06","2406:7400:a:10::2","DNS","99","Standard query 0x0231 AAAA analytics.avcdn.net"
"91","8.177141","2406:7400:104:f6f1:e80d:3eb4:6ca8:ae06","2406:7400:9::173e:c2a","HTTP","262","GET /files/emupdate/autoupdate.ini HTTP/1.1 "
"92","8.225458","2406:7400:104:f6f1:e80d:3eb4:6ca8:ae06","2406:7400:b0:b::2","DNS","99","Standard query 0xa298 A analytics.avcdn.net"
"93","8.225886","2406:7400:104:f6f1:e80d:3eb4:6ca8:ae06","2406:7400:b0:b::2","DNS","99","Standard query 0x0231 AAAA analytics.avcdn.net"
"94","8.291420","2406:7400:a:10::2","2406:7400:104:f6f1:e80d:3eb4:6ca8:ae06","DNS","184","Standard query response 0xa298 A analytics.avcdn.net CNAME analytics.ff.avast.com CNAME analytics-prod-gcp.ff.avast.com A 34.117.223.223"
"95","8.291711","2406:7400:a:10::2","2406:7400:104:f6f1:e80d:3eb4:6ca8:ae06","DNS","230","Standard query response 0x0231 AAAA analytics.avcdn.net CNAME analytics.ff.avast.com CNAME analytics-prod-gcp.ff.avast.com SOA dns1.p03.nsone.net"
"96","8.291886","2406:7400:9::173e:c2a","2406:7400:104:f6f1:e80d:3eb4:6ca8:ae06","TCP","74","80  >  60445 [ACK] Seq=438 Ack=372 Win=64512 Len=0"
"97","8.292668","2406:7400:9::173e:c2a","2406:7400:104:f6f1:e80d:3eb4:6ca8:ae06","HTTP","504","HTTP/1.1 200 OK  (text/plain)"
"98","8.294811","192.168.0.108","34.117.223.223","TCP","66","60446  >  443 [SYN] Seq=0 Win=64240 Len=0 MSS=1460 WS=256 SACK_PERM"
"99","8.312411","34.117.223.223","192.168.0.108","TCP","66","443  >  60446 [SYN, ACK] Seq=0 Ack=1 Win=65535 Len=0 MSS=1412 SACK_PERM WS=256"
"100","8.312669","192.168.0.108","34.117.223.223","TCP","54","60446  >  443 [ACK] Seq=1 Ack=1 Win=131072 Len=0"
"101","8.314034","192.168.0.108","34.117.223.223","TLSv1.2","256","Client Hello (SNI=analytics.avcdn.net)"
"102","8.339226","2406:7400:104:f6f1:e80d:3eb4:6ca8:ae06","2406:7400:9::173e:c2a","TCP","86","60447  >  443 [SYN] Seq=0 Win=64800 Len=0 MSS=1440 WS=256 SACK_PERM"
"103","8.346809","2406:7400:104:f6f1:e80d:3eb4:6ca8:ae06","2406:7400:9::173e:c2a","TCP","74","60445  >  80 [ACK] Seq=372 Ack=868 Win=131072 Len=0"
"104","8.385298","2406:7400:9::173e:c2a","2406:7400:104:f6f1:e80d:3eb4:6ca8:ae06","TCP","86","443  >  60447 [SYN, ACK] Seq=0 Ack=1 Win=64800 Len=0 MSS=1420 SACK_PERM WS=128"
"105","8.385600","2406:7400:104:f6f1:e80d:3eb4:6ca8:ae06","2406:7400:9::173e:c2a","TCP","74","60447  >  443 [ACK] Seq=1 Ack=1 Win=131840 Len=0"
"106","8.388334","2406:7400:104:f6f1:e80d:3eb4:6ca8:ae06","2406:7400:9::173e:c2a","TLSv1.3","366","Client Hello (SNI=emupdate.avcdn.net)"
"107","8.390380","2406:7400:9::173e:c2a","2406:7400:104:f6f1:e80d:3eb4:6ca8:ae06","TCP","74","443  >  60447 [ACK] Seq=1 Ack=293 Win=64512 Len=0"
"108","8.400802","34.117.223.223","192.168.0.108","TCP","54","443  >  60446 [ACK] Seq=1 Ack=203 Win=66816 Len=0"
"109","8.403613","34.117.223.223","192.168.0.108","TLSv1.2","1466","Server Hello"
"110","8.403613","34.117.223.223","192.168.0.108","TCP","1466","443  >  60446 [PSH, ACK] Seq=1413 Ack=203 Win=66816 Len=1412 [TCP segment of a reassembled PDU]"
"111","8.403613","34.117.223.223","192.168.0.108","TCP","1466","443  >  60446 [ACK] Seq=2825 Ack=203 Win=66816 Len=1412 [TCP segment of a reassembled PDU]"
"112","8.403613","34.117.223.223","192.168.0.108","TLSv1.2","591","Certificate, Server Key Exchange, Server Hello Done"
"113","8.403871","192.168.0.108","34.117.223.223","TCP","54","60446  >  443 [ACK] Seq=203 Ack=4774 Win=131072 Len=0"
"114","8.405577","2406:7400:9::173e:c2a","2406:7400:104:f6f1:e80d:3eb4:6ca8:ae06","TLSv1.3","1494","Server Hello, Change Cipher Spec, Application Data"
"115","8.405782","2406:7400:9::173e:c2a","2406:7400:104:f6f1:e80d:3eb4:6ca8:ae06","TCP","1494","443  >  60447 [PSH, ACK] Seq=1421 Ack=293 Win=64512 Len=1420 [TCP segment of a reassembled PDU]"
"116","8.405782","2406:7400:9::173e:c2a","2406:7400:104:f6f1:e80d:3eb4:6ca8:ae06","TLSv1.3","953","Application Data, Application Data, Application Data"
"117","8.405959","2406:7400:104:f6f1:e80d:3eb4:6ca8:ae06","2406:7400:9::173e:c2a","TCP","74","60447  >  443 [ACK] Seq=293 Ack=3720 Win=131840 Len=0"
"118","8.409128","192.168.0.108","34.117.223.223","TLSv1.2","147","Client Key Exchange, Change Cipher Spec, Encrypted Handshake Message"
"119","8.409597","2406:7400:104:f6f1:e80d:3eb4:6ca8:ae06","2406:7400:9::173e:c2a","TLSv1.3","154","Change Cipher Spec, Application Data"
"120","8.410901","2406:7400:104:f6f1:e80d:3eb4:6ca8:ae06","2406:7400:9::173e:c2a","TLSv1.3","284","Application Data"
"121","8.435841","2406:7400:9::173e:c2a","2406:7400:104:f6f1:e80d:3eb4:6ca8:ae06","TCP","74","443  >  60447 [ACK] Seq=3720 Ack=373 Win=64512 Len=0"
"122","8.435841","2406:7400:9::173e:c2a","2406:7400:104:f6f1:e80d:3eb4:6ca8:ae06","TCP","74","443  >  60447 [ACK] Seq=3720 Ack=583 Win=64384 Len=0"
"123","8.435841","2406:7400:9::173e:c2a","2406:7400:104:f6f1:e80d:3eb4:6ca8:ae06","TLSv1.3","361","Application Data"
"124","8.435841","2406:7400:9::173e:c2a","2406:7400:104:f6f1:e80d:3eb4:6ca8:ae06","TLSv1.3","361","Application Data"
"125","8.436082","2406:7400:104:f6f1:e80d:3eb4:6ca8:ae06","2406:7400:9::173e:c2a","TCP","74","60447  >  443 [ACK] Seq=583 Ack=4294 Win=131328 Len=0"
"126","8.437431","2406:7400:9::173e:c2a","2406:7400:104:f6f1:e80d:3eb4:6ca8:ae06","TLSv1.3","595","Application Data"
"127","8.451951","34.117.223.223","192.168.0.108","TLSv1.2","349","New Session Ticket, Change Cipher Spec, Encrypted Handshake Message"
"128","8.451951","34.117.223.223","192.168.0.108","TLSv1.2","123","Application Data"
"129","8.452457","192.168.0.108","34.117.223.223","TCP","54","60446  >  443 [ACK] Seq=296 Ack=5138 Win=130816 Len=0"
"130","8.456565","192.168.0.108","34.117.223.223","TLSv1.2","141","Application Data"
"131","8.456687","192.168.0.108","34.117.223.223","TLSv1.2","152","Application Data"
"132","8.457173","192.168.0.108","34.117.223.223","TLSv1.2","92","Application Data"
"133","8.457403","192.168.0.108","34.117.223.223","TLSv1.2","296","Application Data"
"134","8.466830","2406:7400:104:f6f1:e80d:3eb4:6ca8:ae06","2406:7400:9::173e:c2a","HTTP","259","GET /files/emupdate/patches.ini HTTP/1.1 "
"135","8.468969","2406:7400:9::173e:c2a","2406:7400:104:f6f1:e80d:3eb4:6ca8:ae06","TCP","74","80  >  60445 [ACK] Seq=868 Ack=557 Win=64384 Len=0"
"136","8.470161","2406:7400:9::173e:c2a","2406:7400:104:f6f1:e80d:3eb4:6ca8:ae06","TCP","1494","80  >  60445 [ACK] Seq=868 Ack=557 Win=64384 Len=1420 [TCP segment of a reassembled PDU]"
"137","8.470593","2406:7400:9::173e:c2a","2406:7400:104:f6f1:e80d:3eb4:6ca8:ae06","TCP","1494","80  >  60445 [ACK] Seq=2288 Ack=557 Win=64384 Len=1420 [TCP segment of a reassembled PDU]"
"138","8.470593","2406:7400:9::173e:c2a","2406:7400:104:f6f1:e80d:3eb4:6ca8:ae06","TCP","1494","80  >  60445 [ACK] Seq=3708 Ack=557 Win=64384 Len=1420 [TCP segment of a reassembled PDU]"
"139","8.470593","2406:7400:9::173e:c2a","2406:7400:104:f6f1:e80d:3eb4:6ca8:ae06","TCP","1494","80  >  60445 [ACK] Seq=5128 Ack=557 Win=64384 Len=1420 [TCP segment of a reassembled PDU]"
"140","8.470593","2406:7400:9::173e:c2a","2406:7400:104:f6f1:e80d:3eb4:6ca8:ae06","TCP","1494","80  >  60445 [ACK] Seq=6548 Ack=557 Win=64384 Len=1420 [TCP segment of a reassembled PDU]"
"141","8.470593","2406:7400:9::173e:c2a","2406:7400:104:f6f1:e80d:3eb4:6ca8:ae06","HTTP","752","HTTP/1.1 200 OK  (text/plain)"
"142","8.470783","2406:7400:104:f6f1:e80d:3eb4:6ca8:ae06","2406:7400:9::173e:c2a","TCP","74","60445  >  80 [ACK] Seq=557 Ack=8646 Win=131840 Len=0"
"143","8.473684","34.117.223.223","192.168.0.108","TLSv1.2","92","Application Data"
"144","8.474801","34.117.223.223","192.168.0.108","TCP","54","443  >  60446 [ACK] Seq=5176 Ack=519 Win=66816 Len=0"
"145","8.479475","34.117.223.223","192.168.0.108","TCP","54","443  >  60446 [ACK] Seq=5176 Ack=761 Win=67840 Len=0"
"146","8.485375","2406:7400:104:f6f1:e80d:3eb4:6ca8:ae06","2406:7400:9::173e:c2a","HTTP","259","GET /files/emupdate/updates.xml HTTP/1.1 "
"147","8.489230","2406:7400:9::173e:c2a","2406:7400:104:f6f1:e80d:3eb4:6ca8:ae06","TCP","1494","80  >  60445 [ACK] Seq=8646 Ack=742 Win=64256 Len=1420 [TCP segment of a reassembled PDU]"
"148","8.489533","2406:7400:104:f6f1:e80d:3eb4:6ca8:ae06","2406:7400:9::173e:c2a","TCP","74","60447  >  443 [ACK] Seq=583 Ack=4815 Win=130816 Len=0"
"149","8.489556","2406:7400:9::173e:c2a","2406:7400:104:f6f1:e80d:3eb4:6ca8:ae06","TCP","1494","80  >  60445 [ACK] Seq=10066 Ack=742 Win=64256 Len=1420 [TCP segment of a reassembled PDU]"
"150","8.489556","2406:7400:9::173e:c2a","2406:7400:104:f6f1:e80d:3eb4:6ca8:ae06","TCP","1494","80  >  60445 [ACK] Seq=11486 Ack=742 Win=64256 Len=1420 [TCP segment of a reassembled PDU]"
"151","8.489556","2406:7400:9::173e:c2a","2406:7400:104:f6f1:e80d:3eb4:6ca8:ae06","TCP","1494","80  >  60445 [ACK] Seq=12906 Ack=742 Win=64256 Len=1420 [TCP segment of a reassembled PDU]"
"152","8.489556","2406:7400:9::173e:c2a","2406:7400:104:f6f1:e80d:3eb4:6ca8:ae06","TCP","1494","80  >  60445 [ACK] Seq=14326 Ack=742 Win=64256 Len=1420 [TCP segment of a reassembled PDU]"
"153","8.489621","2406:7400:104:f6f1:e80d:3eb4:6ca8:ae06","2406:7400:9::173e:c2a","TCP","74","60445  >  80 [ACK] Seq=742 Ack=15746 Win=131840 Len=0"
"154","8.489772","2406:7400:9::173e:c2a","2406:7400:104:f6f1:e80d:3eb4:6ca8:ae06","TCP","1494","80  >  60445 [ACK] Seq=15746 Ack=742 Win=64256 Len=1420 [TCP segment of a reassembled PDU]"
"155","8.489812","2406:7400:104:f6f1:e80d:3eb4:6ca8:ae06","2406:7400:9::173e:c2a","TCP","74","60445  >  80 [ACK] Seq=742 Ack=17166 Win=131840 Len=0"
"156","8.490037","2406:7400:9::173e:c2a","2406:7400:104:f6f1:e80d:3eb4:6ca8:ae06","TCP","1494","80  >  60445 [ACK] Seq=17166 Ack=742 Win=64256 Len=1420 [TCP segment of a reassembled PDU]"
"157","8.490037","2406:7400:9::173e:c2a","2406:7400:104:f6f1:e80d:3eb4:6ca8:ae06","TCP","1494","80  >  60445 [ACK] Seq=18586 Ack=742 Win=64256 Len=1420 [TCP segment of a reassembled PDU]"
"158","8.490037","2406:7400:9::173e:c2a","2406:7400:104:f6f1:e80d:3eb4:6ca8:ae06","TCP","1494","80  >  60445 [ACK] Seq=20006 Ack=742 Win=64256 Len=1420 [TCP segment of a reassembled PDU]"
"159","8.490080","2406:7400:104:f6f1:e80d:3eb4:6ca8:ae06","2406:7400:9::173e:c2a","TCP","74","60445  >  80 [ACK] Seq=742 Ack=21426 Win=131840 Len=0"
"160","8.490488","2406:7400:9::173e:c2a","2406:7400:104:f6f1:e80d:3eb4:6ca8:ae06","TCP","1494","80  >  60445 [ACK] Seq=21426 Ack=742 Win=64256 Len=1420 [TCP segment of a reassembled PDU]"
"161","8.490488","2406:7400:9::173e:c2a","2406:7400:104:f6f1:e80d:3eb4:6ca8:ae06","TCP","1494","80  >  60445 [ACK] Seq=22846 Ack=742 Win=64256 Len=1420 [TCP segment of a reassembled PDU]"
"162","8.490488","2406:7400:9::173e:c2a","2406:7400:104:f6f1:e80d:3eb4:6ca8:ae06","TCP","1494","80  >  60445 [ACK] Seq=24266 Ack=742 Win=64256 Len=1420 [TCP segment of a reassembled PDU]"
"163","8.490488","2406:7400:9::173e:c2a","2406:7400:104:f6f1:e80d:3eb4:6ca8:ae06","TCP","1494","80  >  60445 [ACK] Seq=25686 Ack=742 Win=64256 Len=1420 [TCP segment of a reassembled PDU]"
"164","8.490488","2406:7400:9::173e:c2a","2406:7400:104:f6f1:e80d:3eb4:6ca8:ae06","TCP","1494","80  >  60445 [ACK] Seq=27106 Ack=742 Win=64256 Len=1420 [TCP segment of a reassembled PDU]"
"165","8.490488","2406:7400:9::173e:c2a","2406:7400:104:f6f1:e80d:3eb4:6ca8:ae06","TCP","1494","80  >  60445 [ACK] Seq=28526 Ack=742 Win=64256 Len=1420 [TCP segment of a reassembled PDU]"
"166","8.490551","2406:7400:104:f6f1:e80d:3eb4:6ca8:ae06","2406:7400:9::173e:c2a","TCP","74","60445  >  80 [ACK] Seq=742 Ack=29946 Win=131840 Len=0"
"167","8.491119","2406:7400:9::173e:c2a","2406:7400:104:f6f1:e80d:3eb4:6ca8:ae06","TCP","1494","80  >  60445 [ACK] Seq=29946 Ack=742 Win=64256 Len=1420 [TCP segment of a reassembled PDU]"
"168","8.491119","2406:7400:9::173e:c2a","2406:7400:104:f6f1:e80d:3eb4:6ca8:ae06","TCP","1494","80  >  60445 [ACK] Seq=31366 Ack=742 Win=64256 Len=1420 [TCP segment of a reassembled PDU]"
"169","8.491119","2406:7400:9::173e:c2a","2406:7400:104:f6f1:e80d:3eb4:6ca8:ae06","TCP","1494","80  >  60445 [ACK] Seq=32786 Ack=742 Win=64256 Len=1420 [TCP segment of a reassembled PDU]"
"170","8.491119","2406:7400:9::173e:c2a","2406:7400:104:f6f1:e80d:3eb4:6ca8:ae06","TCP","1494","80  >  60445 [ACK] Seq=34206 Ack=742 Win=64256 Len=1420 [TCP segment of a reassembled PDU]"
"171","8.491119","2406:7400:9::173e:c2a","2406:7400:104:f6f1:e80d:3eb4:6ca8:ae06","TCP","1494","80  >  60445 [ACK] Seq=35626 Ack=742 Win=64256 Len=1420 [TCP segment of a reassembled PDU]"
"172","8.491119","2406:7400:9::173e:c2a","2406:7400:104:f6f1:e80d:3eb4:6ca8:ae06","TCP","1494","80  >  60445 [ACK] Seq=37046 Ack=742 Win=64256 Len=1420 [TCP segment of a reassembled PDU]"
"173","8.491119","2406:7400:9::173e:c2a","2406:7400:104:f6f1:e80d:3eb4:6ca8:ae06","TCP","1494","80  >  60445 [ACK] Seq=38466 Ack=742 Win=64256 Len=1420 [TCP segment of a reassembled PDU]"
"174","8.491119","2406:7400:9::173e:c2a","2406:7400:104:f6f1:e80d:3eb4:6ca8:ae06","TCP","1494","80  >  60445 [ACK] Seq=39886 Ack=742 Win=64256 Len=1420 [TCP segment of a reassembled PDU]"
"175","8.491119","2406:7400:9::173e:c2a","2406:7400:104:f6f1:e80d:3eb4:6ca8:ae06","TCP","1494","80  >  60445 [ACK] Seq=41306 Ack=742 Win=64256 Len=1420 [TCP segment of a reassembled PDU]"
"176","8.491212","2406:7400:104:f6f1:e80d:3eb4:6ca8:ae06","2406:7400:9::173e:c2a","TCP","74","60445  >  80 [ACK] Seq=742 Ack=42726 Win=131840 Len=0"
"177","8.491936","2406:7400:9::173e:c2a","2406:7400:104:f6f1:e80d:3eb4:6ca8:ae06","TCP","990","80  >  60445 [PSH, ACK] Seq=42726 Ack=742 Win=64256 Len=916 [TCP segment of a reassembled PDU]"
"178","8.491936","2406:7400:9::173e:c2a","2406:7400:104:f6f1:e80d:3eb4:6ca8:ae06","TCP","1494","80  >  60445 [ACK] Seq=43642 Ack=742 Win=64256 Len=1420 [TCP segment of a reassembled PDU]"
"179","8.491936","2406:7400:9::173e:c2a","2406:7400:104:f6f1:e80d:3eb4:6ca8:ae06","TCP","1494","80  >  60445 [ACK] Seq=45062 Ack=742 Win=64256 Len=1420 [TCP segment of a reassembled PDU]"
"180","8.491936","2406:7400:9::173e:c2a","2406:7400:104:f6f1:e80d:3eb4:6ca8:ae06","TCP","1494","80  >  60445 [ACK] Seq=46482 Ack=742 Win=64256 Len=1420 [TCP segment of a reassembled PDU]"
"181","8.491936","2406:7400:9::173e:c2a","2406:7400:104:f6f1:e80d:3eb4:6ca8:ae06","TCP","1494","80  >  60445 [ACK] Seq=47902 Ack=742 Win=64256 Len=1420 [TCP segment of a reassembled PDU]"
"182","8.491936","2406:7400:9::173e:c2a","2406:7400:104:f6f1:e80d:3eb4:6ca8:ae06","TCP","1494","80  >  60445 [ACK] Seq=49322 Ack=742 Win=64256 Len=1420 [TCP segment of a reassembled PDU]"
"183","8.491936","2406:7400:9::173e:c2a","2406:7400:104:f6f1:e80d:3eb4:6ca8:ae06","TCP","1494","80  >  60445 [ACK] Seq=50742 Ack=742 Win=64256 Len=1420 [TCP segment of a reassembled PDU]"
"184","8.491936","2406:7400:9::173e:c2a","2406:7400:104:f6f1:e80d:3eb4:6ca8:ae06","TCP","1494","80  >  60445 [ACK] Seq=52162 Ack=742 Win=64256 Len=1420 [TCP segment of a reassembled PDU]"
"185","8.491936","2406:7400:9::173e:c2a","2406:7400:104:f6f1:e80d:3eb4:6ca8:ae06","TCP","1494","80  >  60445 [ACK] Seq=53582 Ack=742 Win=64256 Len=1420 [TCP segment of a reassembled PDU]"
"186","8.491936","2406:7400:9::173e:c2a","2406:7400:104:f6f1:e80d:3eb4:6ca8:ae06","TCP","1494","80  >  60445 [ACK] Seq=55002 Ack=742 Win=64256 Len=1420 [TCP segment of a reassembled PDU]"
"187","8.491936","2406:7400:9::173e:c2a","2406:7400:104:f6f1:e80d:3eb4:6ca8:ae06","TCP","1494","80  >  60445 [ACK] Seq=56422 Ack=742 Win=64256 Len=1420 [TCP segment of a reassembled PDU]"
"188","8.491936","2406:7400:9::173e:c2a","2406:7400:104:f6f1:e80d:3eb4:6ca8:ae06","TCP","1494","80  >  60445 [ACK] Seq=57842 Ack=742 Win=64256 Len=1420 [TCP segment of a reassembled PDU]"
"189","8.491936","2406:7400:9::173e:c2a","2406:7400:104:f6f1:e80d:3eb4:6ca8:ae06","TCP","1494","80  >  60445 [ACK] Seq=59262 Ack=742 Win=64256 Len=1420 [TCP segment of a reassembled PDU]"
"190","8.492046","2406:7400:104:f6f1:e80d:3eb4:6ca8:ae06","2406:7400:9::173e:c2a","TCP","74","60445  >  80 [ACK] Seq=742 Ack=60682 Win=131840 Len=0"
"191","8.492682","2406:7400:9::173e:c2a","2406:7400:104:f6f1:e80d:3eb4:6ca8:ae06","TCP","1494","80  >  60445 [ACK] Seq=60682 Ack=742 Win=64256 Len=1420 [TCP segment of a reassembled PDU]"
"192","8.492682","2406:7400:9::173e:c2a","2406:7400:104:f6f1:e80d:3eb4:6ca8:ae06","TCP","1494","80  >  60445 [ACK] Seq=62102 Ack=742 Win=64256 Len=1420 [TCP segment of a reassembled PDU]"
"193","8.492682","2406:7400:9::173e:c2a","2406:7400:104:f6f1:e80d:3eb4:6ca8:ae06","TCP","1494","80  >  60445 [ACK] Seq=63522 Ack=742 Win=64256 Len=1420 [TCP segment of a reassembled PDU]"
"194","8.492682","2406:7400:9::173e:c2a","2406:7400:104:f6f1:e80d:3eb4:6ca8:ae06","TCP","1494","80  >  60445 [ACK] Seq=64942 Ack=742 Win=64256 Len=1420 [TCP segment of a reassembled PDU]"
"195","8.492682","2406:7400:9::173e:c2a","2406:7400:104:f6f1:e80d:3eb4:6ca8:ae06","TCP","1494","80  >  60445 [ACK] Seq=66362 Ack=742 Win=64256 Len=1420 [TCP segment of a reassembled PDU]"
"196","8.492682","2406:7400:9::173e:c2a","2406:7400:104:f6f1:e80d:3eb4:6ca8:ae06","TCP","1494","80  >  60445 [ACK] Seq=67782 Ack=742 Win=64256 Len=1420 [TCP segment of a reassembled PDU]"
"197","8.492682","2406:7400:9::173e:c2a","2406:7400:104:f6f1:e80d:3eb4:6ca8:ae06","TCP","1494","80  >  60445 [ACK] Seq=69202 Ack=742 Win=64256 Len=1420 [TCP segment of a reassembled PDU]"
"198","8.492682","2406:7400:9::173e:c2a","2406:7400:104:f6f1:e80d:3eb4:6ca8:ae06","TCP","1494","80  >  60445 [ACK] Seq=70622 Ack=742 Win=64256 Len=1420 [TCP segment of a reassembled PDU]"
"199","8.492682","2406:7400:9::173e:c2a","2406:7400:104:f6f1:e80d:3eb4:6ca8:ae06","TCP","1494","80  >  60445 [ACK] Seq=72042 Ack=742 Win=64256 Len=1420 [TCP segment of a reassembled PDU]"
"200","8.492682","2406:7400:9::173e:c2a","2406:7400:104:f6f1:e80d:3eb4:6ca8:ae06","TCP","1494","80  >  60445 [ACK] Seq=73462 Ack=742 Win=64256 Len=1420 [TCP segment of a reassembled PDU]"
"201","8.492682","2406:7400:9::173e:c2a","2406:7400:104:f6f1:e80d:3eb4:6ca8:ae06","TCP","1494","80  >  60445 [ACK] Seq=74882 Ack=742 Win=64256 Len=1420 [TCP segment of a reassembled PDU]"
"202","8.492682","2406:7400:9::173e:c2a","2406:7400:104:f6f1:e80d:3eb4:6ca8:ae06","TCP","1494","80  >  60445 [ACK] Seq=76302 Ack=742 Win=64256 Len=1420 [TCP segment of a reassembled PDU]"
"203","8.492682","2406:7400:9::173e:c2a","2406:7400:104:f6f1:e80d:3eb4:6ca8:ae06","TCP","1494","80  >  60445 [ACK] Seq=77722 Ack=742 Win=64256 Len=1420 [TCP segment of a reassembled PDU]"
"204","8.492795","2406:7400:104:f6f1:e80d:3eb4:6ca8:ae06","2406:7400:9::173e:c2a","TCP","74","60445  >  80 [ACK] Seq=742 Ack=79142 Win=131840 Len=0"
"205","8.494152","2406:7400:9::173e:c2a","2406:7400:104:f6f1:e80d:3eb4:6ca8:ae06","TCP","1494","80  >  60445 [ACK] Seq=79142 Ack=742 Win=64256 Len=1420 [TCP segment of a reassembled PDU]"
"206","8.494152","2406:7400:9::173e:c2a","2406:7400:104:f6f1:e80d:3eb4:6ca8:ae06","TCP","1494","80  >  60445 [PSH, ACK] Seq=80562 Ack=742 Win=64256 Len=1420 [TCP segment of a reassembled PDU]"
"207","8.494152","2406:7400:9::173e:c2a","2406:7400:104:f6f1:e80d:3eb4:6ca8:ae06","TCP","1494","80  >  60445 [ACK] Seq=81982 Ack=742 Win=64256 Len=1420 [TCP segment of a reassembled PDU]"
"208","8.494152","2406:7400:9::173e:c2a","2406:7400:104:f6f1:e80d:3eb4:6ca8:ae06","TCP","1494","80  >  60445 [PSH, ACK] Seq=83402 Ack=742 Win=64256 Len=1420 [TCP segment of a reassembled PDU]"
"209","8.494217","2406:7400:104:f6f1:e80d:3eb4:6ca8:ae06","2406:7400:9::173e:c2a","TCP","74","60445  >  80 [ACK] Seq=742 Ack=84822 Win=131840 Len=0"
"210","8.495131","2406:7400:9::173e:c2a","2406:7400:104:f6f1:e80d:3eb4:6ca8:ae06","TCP","1494","80  >  60445 [ACK] Seq=84822 Ack=742 Win=64256 Len=1420 [TCP segment of a reassembled PDU]"
"211","8.495803","2406:7400:9::173e:c2a","2406:7400:104:f6f1:e80d:3eb4:6ca8:ae06","TCP","1494","80  >  60445 [ACK] Seq=86242 Ack=742 Win=64256 Len=1420 [TCP segment of a reassembled PDU]"
"212","8.495803","2406:7400:9::173e:c2a","2406:7400:104:f6f1:e80d:3eb4:6ca8:ae06","TCP","1494","80  >  60445 [ACK] Seq=87662 Ack=742 Win=64256 Len=1420 [TCP segment of a reassembled PDU]"
"213","8.495803","2406:7400:9::173e:c2a","2406:7400:104:f6f1:e80d:3eb4:6ca8:ae06","TCP","1494","80  >  60445 [ACK] Seq=89082 Ack=742 Win=64256 Len=1420 [TCP segment of a reassembled PDU]"
"214","8.495803","2406:7400:9::173e:c2a","2406:7400:104:f6f1:e80d:3eb4:6ca8:ae06","TCP","1494","80  >  60445 [ACK] Seq=90502 Ack=742 Win=64256 Len=1420 [TCP segment of a reassembled PDU]"
"215","8.495803","2406:7400:9::173e:c2a","2406:7400:104:f6f1:e80d:3eb4:6ca8:ae06","TCP","1494","80  >  60445 [ACK] Seq=91922 Ack=742 Win=64256 Len=1420 [TCP segment of a reassembled PDU]"
"216","8.495803","2406:7400:9::173e:c2a","2406:7400:104:f6f1:e80d:3eb4:6ca8:ae06","TCP","1494","80  >  60445 [ACK] Seq=93342 Ack=742 Win=64256 Len=1420 [TCP segment of a reassembled PDU]"
"217","8.495803","2406:7400:9::173e:c2a","2406:7400:104:f6f1:e80d:3eb4:6ca8:ae06","TCP","1494","80  >  60445 [ACK] Seq=94762 Ack=742 Win=64256 Len=1420 [TCP segment of a reassembled PDU]"
"218","8.495874","2406:7400:104:f6f1:e80d:3eb4:6ca8:ae06","2406:7400:9::173e:c2a","TCP","74","60445  >  80 [ACK] Seq=742 Ack=96182 Win=131840 Len=0"
"219","8.496990","2406:7400:9::173e:c2a","2406:7400:104:f6f1:e80d:3eb4:6ca8:ae06","TCP","1494","80  >  60445 [ACK] Seq=96182 Ack=742 Win=64256 Len=1420 [TCP segment of a reassembled PDU]"
"220","8.496990","2406:7400:9::173e:c2a","2406:7400:104:f6f1:e80d:3eb4:6ca8:ae06","TCP","1494","80  >  60445 [PSH, ACK] Seq=97602 Ack=742 Win=64256 Len=1420 [TCP segment of a reassembled PDU]"
"221","8.496990","2406:7400:9::173e:c2a","2406:7400:104:f6f1:e80d:3eb4:6ca8:ae06","TCP","1494","80  >  60445 [ACK] Seq=99022 Ack=742 Win=64256 Len=1420 [TCP segment of a reassembled PDU]"
"222","8.496990","2406:7400:9::173e:c2a","2406:7400:104:f6f1:e80d:3eb4:6ca8:ae06","TCP","1494","80  >  60445 [PSH, ACK] Seq=100442 Ack=742 Win=64256 Len=1420 [TCP segment of a reassembled PDU]"
"223","8.496990","2406:7400:9::173e:c2a","2406:7400:104:f6f1:e80d:3eb4:6ca8:ae06","TCP","1494","80  >  60445 [ACK] Seq=101862 Ack=742 Win=64256 Len=1420 [TCP segment of a reassembled PDU]"
"224","8.496990","2406:7400:9::173e:c2a","2406:7400:104:f6f1:e80d:3eb4:6ca8:ae06","TCP","1494","80  >  60445 [ACK] Seq=103282 Ack=742 Win=64256 Len=1420 [TCP segment of a reassembled PDU]"
"225","8.496990","2406:7400:9::173e:c2a","2406:7400:104:f6f1:e80d:3eb4:6ca8:ae06","TCP","1494","80  >  60445 [ACK] Seq=104702 Ack=742 Win=64256 Len=1420 [TCP segment of a reassembled PDU]"
"226","8.496990","2406:7400:9::173e:c2a","2406:7400:104:f6f1:e80d:3eb4:6ca8:ae06","TCP","1494","80  >  60445 [ACK] Seq=106122 Ack=742 Win=64256 Len=1420 [TCP segment of a reassembled PDU]"
"227","8.496990","2406:7400:9::173e:c2a","2406:7400:104:f6f1:e80d:3eb4:6ca8:ae06","TCP","1494","80  >  60445 [ACK] Seq=107542 Ack=742 Win=64256 Len=1420 [TCP segment of a reassembled PDU]"
"228","8.496990","2406:7400:9::173e:c2a","2406:7400:104:f6f1:e80d:3eb4:6ca8:ae06","TCP","1494","80  >  60445 [PSH, ACK] Seq=108962 Ack=742 Win=64256 Len=1420 [TCP segment of a reassembled PDU]"
"229","8.496990","2406:7400:9::173e:c2a","2406:7400:104:f6f1:e80d:3eb4:6ca8:ae06","TCP","1494","80  >  60445 [ACK] Seq=110382 Ack=742 Win=64256 Len=1420 [TCP segment of a reassembled PDU]"
"230","8.496990","2406:7400:9::173e:c2a","2406:7400:104:f6f1:e80d:3eb4:6ca8:ae06","TCP","1494","80  >  60445 [ACK] Seq=111802 Ack=742 Win=64256 Len=1420 [TCP segment of a reassembled PDU]"
"231","8.496990","2406:7400:9::173e:c2a","2406:7400:104:f6f1:e80d:3eb4:6ca8:ae06","TCP","1494","80  >  60445 [ACK] Seq=113222 Ack=742 Win=64256 Len=1420 [TCP segment of a reassembled PDU]"
"232","8.496990","2406:7400:9::173e:c2a","2406:7400:104:f6f1:e80d:3eb4:6ca8:ae06","TCP","1494","80  >  60445 [ACK] Seq=114642 Ack=742 Win=64256 Len=1420 [TCP segment of a reassembled PDU]"
"233","8.496990","2406:7400:9::173e:c2a","2406:7400:104:f6f1:e80d:3eb4:6ca8:ae06","TCP","1494","80  >  60445 [ACK] Seq=116062 Ack=742 Win=64256 Len=1420 [TCP segment of a reassembled PDU]"
"234","8.496990","2406:7400:9::173e:c2a","2406:7400:104:f6f1:e80d:3eb4:6ca8:ae06","TCP","1494","80  >  60445 [ACK] Seq=117482 Ack=742 Win=64256 Len=1420 [TCP segment of a reassembled PDU]"
"235","8.496990","2406:7400:9::173e:c2a","2406:7400:104:f6f1:e80d:3eb4:6ca8:ae06","TCP","1494","80  >  60445 [ACK] Seq=118902 Ack=742 Win=64256 Len=1420 [TCP segment of a reassembled PDU]"
"236","8.496990","2406:7400:9::173e:c2a","2406:7400:104:f6f1:e80d:3eb4:6ca8:ae06","TCP","1494","80  >  60445 [ACK] Seq=120322 Ack=742 Win=64256 Len=1420 [TCP segment of a reassembled PDU]"
"237","8.496990","2406:7400:9::173e:c2a","2406:7400:104:f6f1:e80d:3eb4:6ca8:ae06","TCP","1494","80  >  60445 [ACK] Seq=121742 Ack=742 Win=64256 Len=1420 [TCP segment of a reassembled PDU]"
"238","8.496990","2406:7400:9::173e:c2a","2406:7400:104:f6f1:e80d:3eb4:6ca8:ae06","TCP","1494","80  >  60445 [ACK] Seq=123162 Ack=742 Win=64256 Len=1420 [TCP segment of a reassembled PDU]"
"239","8.496990","2406:7400:9::173e:c2a","2406:7400:104:f6f1:e80d:3eb4:6ca8:ae06","TCP","1494","80  >  60445 [ACK] Seq=124582 Ack=742 Win=64256 Len=1420 [TCP segment of a reassembled PDU]"
"240","8.497162","2406:7400:104:f6f1:e80d:3eb4:6ca8:ae06","2406:7400:9::173e:c2a","TCP","74","60445  >  80 [ACK] Seq=742 Ack=126002 Win=131840 Len=0"
"241","8.497938","2406:7400:9::173e:c2a","2406:7400:104:f6f1:e80d:3eb4:6ca8:ae06","TCP","1494","80  >  60445 [PSH, ACK] Seq=126002 Ack=742 Win=64256 Len=1420 [TCP segment of a reassembled PDU]"
"242","8.497938","2406:7400:9::173e:c2a","2406:7400:104:f6f1:e80d:3eb4:6ca8:ae06","TCP","1494","80  >  60445 [ACK] Seq=127422 Ack=742 Win=64256 Len=1420 [TCP segment of a reassembled PDU]"
"243","8.497938","2406:7400:9::173e:c2a","2406:7400:104:f6f1:e80d:3eb4:6ca8:ae06","TCP","1494","80  >  60445 [ACK] Seq=128842 Ack=742 Win=64256 Len=1420 [TCP segment of a reassembled PDU]"
"244","8.497938","2406:7400:9::173e:c2a","2406:7400:104:f6f1:e80d:3eb4:6ca8:ae06","TCP","1494","80  >  60445 [ACK] Seq=130262 Ack=742 Win=64256 Len=1420 [TCP segment of a reassembled PDU]"
"245","8.497938","2406:7400:9::173e:c2a","2406:7400:104:f6f1:e80d:3eb4:6ca8:ae06","TCP","1494","80  >  60445 [ACK] Seq=131682 Ack=742 Win=64256 Len=1420 [TCP segment of a reassembled PDU]"
"246","8.497938","2406:7400:9::173e:c2a","2406:7400:104:f6f1:e80d:3eb4:6ca8:ae06","HTTP/XML","198","HTTP/1.1 200 OK "
"247","8.498014","2406:7400:104:f6f1:e80d:3eb4:6ca8:ae06","2406:7400:9::173e:c2a","TCP","74","60445  >  80 [ACK] Seq=742 Ack=133226 Win=131840 Len=0"
"248","8.521518","192.168.0.108","34.117.223.223","TCP","54","60446  >  443 [ACK] Seq=761 Ack=5176 Win=130816 Len=0"
"249","8.606154","2406:7400:9::173e:c2a","2406:7400:104:f6f1:e80d:3eb4:6ca8:ae06","TCP","198","[TCP Spurious Retransmission] 80  >  60445 [PSH, ACK] Seq=133102 Ack=742 Win=64256 Len=124 [TCP segment of a reassembled PDU]"
"250","8.606279","2406:7400:104:f6f1:e80d:3eb4:6ca8:ae06","2406:7400:9::173e:c2a","TCP","86","[TCP Dup ACK 247#1] 60445  >  80 [ACK] Seq=742 Ack=133226 Win=131840 Len=0 SLE=133102 SRE=133226"
"251","8.666293","34.117.223.223","192.168.0.108","TLSv1.2","221","Application Data"
"252","8.666293","34.117.223.223","192.168.0.108","TLSv1.2","116","Application Data"
"253","8.666473","192.168.0.108","34.117.223.223","TCP","54","60446  >  443 [ACK] Seq=761 Ack=5405 Win=130560 Len=0"
"254","8.666658","34.117.223.223","192.168.0.108","TLSv1.2","100","Application Data"
"255","8.666914","192.168.0.108","34.117.223.223","TLSv1.2","100","Application Data"
"256","8.667658","192.168.0.108","34.117.223.223","TCP","54","60446  >  443 [FIN, ACK] Seq=807 Ack=5451 Win=130560 Len=0"
"257","8.672422","192.168.0.108","34.117.223.223","TCP","66","60448  >  443 [SYN] Seq=0 Win=64240 Len=0 MSS=1460 WS=256 SACK_PERM"
"258","8.684370","34.117.223.223","192.168.0.108","TCP","54","443  >  60446 [ACK] Seq=5451 Ack=807 Win=67840 Len=0"
"259","8.684666","34.117.223.223","192.168.0.108","TCP","54","443  >  60446 [FIN, ACK] Seq=5451 Ack=808 Win=67840 Len=0"
"260","8.684873","192.168.0.108","34.117.223.223","TCP","54","60446  >  443 [ACK] Seq=808 Ack=5452 Win=130560 Len=0"
"261","8.689018","34.117.223.223","192.168.0.108","TCP","66","443  >  60448 [SYN, ACK] Seq=0 Ack=1 Win=65535 Len=0 MSS=1412 SACK_PERM WS=256"
"262","8.689142","192.168.0.108","34.117.223.223","TCP","54","60448  >  443 [ACK] Seq=1 Ack=1 Win=131072 Len=0"
"263","8.690025","192.168.0.108","34.117.223.223","TLSv1.2","256","Client Hello (SNI=analytics.avcdn.net)"
"264","8.769567","34.117.223.223","192.168.0.108","TCP","54","443  >  60448 [ACK] Seq=1 Ack=203 Win=66816 Len=0"
"265","8.769567","34.117.223.223","192.168.0.108","TLSv1.2","1466","Server Hello"
"266","8.769567","34.117.223.223","192.168.0.108","TCP","1466","443  >  60448 [PSH, ACK] Seq=1413 Ack=203 Win=66816 Len=1412 [TCP segment of a reassembled PDU]"
"267","8.769567","34.117.223.223","192.168.0.108","TCP","1466","443  >  60448 [ACK] Seq=2825 Ack=203 Win=66816 Len=1412 [TCP segment of a reassembled PDU]"
"268","8.769567","34.117.223.223","192.168.0.108","TLSv1.2","591","Certificate, Server Key Exchange, Server Hello Done"
"269","8.769567","TPLink_50:fe:5d","Intel_81:40:ca","ARP","60","Who has 192.168.0.108? Tell 192.168.0.1"
"270","8.769567","34.117.223.223","192.168.0.108","TCP","591","[TCP Retransmission] 443  >  60448 [PSH, ACK] Seq=4237 Ack=203 Win=66816 Len=537"
"271","8.769567","192.168.0.1","192.168.0.108","NBNS","92","Name query NBSTAT *<00><00><00><00><00><00><00><00><00><00><00><00><00><00><00>"
"272","8.769674","192.168.0.108","34.117.223.223","TCP","66","60448  >  443 [ACK] Seq=203 Ack=4774 Win=131072 Len=0 SLE=4237 SRE=4774"
"273","8.769814","Intel_81:40:ca","TPLink_50:fe:5d","ARP","42","192.168.0.108 is at 08:9d:f4:81:40:ca"
"274","8.771151","192.168.0.108","34.117.223.223","TLSv1.2","147","Client Key Exchange, Change Cipher Spec, Encrypted Handshake Message"
"275","8.789792","34.117.223.223","192.168.0.108","TLSv1.2","349","New Session Ticket, Change Cipher Spec, Encrypted Handshake Message"
"276","8.789792","34.117.223.223","192.168.0.108","TLSv1.2","123","Application Data"
"277","8.789868","192.168.0.108","34.117.223.223","TCP","54","60448  >  443 [ACK] Seq=296 Ack=5138 Win=130816 Len=0"
"278","8.790786","192.168.0.108","34.117.223.223","TLSv1.2","141","Application Data"
"279","8.790825","192.168.0.108","34.117.223.223","TLSv1.2","92","Application Data"
"280","8.790849","192.168.0.108","34.117.223.223","TLSv1.2","152","Application Data"
"281","8.790980","192.168.0.108","34.117.223.223","TLSv1.2","296","Application Data"
"282","8.809119","34.117.223.223","192.168.0.108","TLSv1.2","92","Application Data"
"283","8.809287","34.117.223.223","192.168.0.108","TCP","54","443  >  60448 [ACK] Seq=5176 Ack=519 Win=66816 Len=0"
"284","8.813667","34.117.223.223","192.168.0.108","TCP","54","443  >  60448 [ACK] Seq=5176 Ack=761 Win=67840 Len=0"
"285","8.853204","192.168.0.108","34.117.223.223","TCP","54","60448  >  443 [ACK] Seq=761 Ack=5176 Win=130816 Len=0"
"286","9.025098","34.117.223.223","192.168.0.108","TLSv1.2","221","Application Data"
"287","9.025098","34.117.223.223","192.168.0.108","TLSv1.2","116","Application Data"
"288","9.025098","34.117.223.223","192.168.0.108","TLSv1.2","100","Application Data"
"289","9.025177","192.168.0.108","34.117.223.223","TCP","54","60448  >  443 [ACK] Seq=761 Ack=5451 Win=130560 Len=0"
"290","9.026776","192.168.0.108","34.117.223.223","TLSv1.2","100","Application Data"
"291","9.026959","192.168.0.108","34.117.223.223","TCP","54","60448  >  443 [FIN, ACK] Seq=807 Ack=5451 Win=130560 Len=0"
"292","9.035477","192.168.0.108","34.149.149.62","TCP","54","60444  >  443 [RST, ACK] Seq=565 Ack=5591 Win=0 Len=0"
"293","9.035823","2406:7400:104:f6f1:e80d:3eb4:6ca8:ae06","2406:7400:9::173e:c2a","TCP","74","60445  >  80 [RST, ACK] Seq=742 Ack=133226 Win=0 Len=0"
"294","9.035886","2406:7400:104:f6f1:e80d:3eb4:6ca8:ae06","2406:7400:9::173e:c2a","TCP","74","60447  >  443 [RST, ACK] Seq=583 Ack=4815 Win=0 Len=0"
"295","9.042740","34.117.223.223","192.168.0.108","TCP","54","443  >  60448 [ACK] Seq=5451 Ack=807 Win=67840 Len=0"
"296","9.043430","34.117.223.223","192.168.0.108","TCP","54","443  >  60448 [FIN, ACK] Seq=5451 Ack=808 Win=67840 Len=0"
"297","9.043486","192.168.0.108","34.117.223.223","TCP","54","60448  >  443 [ACK] Seq=808 Ack=5452 Win=130560 Len=0"
"298","9.349835","192.168.0.108","23.11.215.83","TCP","66","60449  >  443 [SYN] Seq=0 Win=65535 Len=0 MSS=1460 WS=256 SACK_PERM"
"299","9.354349","23.11.215.83","192.168.0.108","TCP","66","443  >  60449 [SYN, ACK] Seq=0 Ack=1 Win=64240 Len=0 MSS=1384 SACK_PERM WS=128"
"300","9.354450","192.168.0.108","23.11.215.83","TCP","54","60449  >  443 [ACK] Seq=1 Ack=1 Win=262144 Len=0"
"301","9.356325","192.168.0.108","23.11.215.83","TLSv1.3","645","Client Hello (SNI=assets.msn.com)"
"302","9.363256","23.11.215.83","192.168.0.108","TLSv1.3","318","Server Hello, Change Cipher Spec, Application Data, Application Data"
"303","9.363330","192.168.0.108","23.11.215.83","TCP","54","60449  >  443 [ACK] Seq=592 Ack=265 Win=261632 Len=0"
"304","9.365140","192.168.0.108","23.11.215.83","TLSv1.3","134","Change Cipher Spec, Application Data"
"305","9.369510","192.168.0.108","23.11.215.83","TLSv1.3","134","Application Data"
"306","9.371959","192.168.0.108","23.11.215.83","TCP","1438","60449  >  443 [ACK] Seq=752 Ack=265 Win=261632 Len=1384 [TCP segment of a reassembled PDU]"
"307","9.371959","192.168.0.108","23.11.215.83","TLSv1.3","706","Application Data"
"308","9.381405","23.11.215.83","192.168.0.108","TCP","54","443  >  60449 [ACK] Seq=265 Ack=672 Win=64256 Len=0"
"309","9.381405","23.11.215.83","192.168.0.108","TLSv1.3","341","Application Data"
"310","9.381494","192.168.0.108","23.11.215.83","TCP","54","60449  >  443 [ACK] Seq=2788 Ack=552 Win=261376 Len=0"
"311","9.383803","23.11.215.83","192.168.0.108","TCP","54","443  >  60449 [ACK] Seq=552 Ack=752 Win=64256 Len=0"
"312","9.383859","23.11.215.83","192.168.0.108","TCP","54","443  >  60449 [ACK] Seq=552 Ack=2136 Win=64128 Len=0"
"313","9.383894","23.11.215.83","192.168.0.108","TCP","54","443  >  60449 [ACK] Seq=552 Ack=2788 Win=63488 Len=0"
"314","9.384012","23.11.215.83","192.168.0.108","TLSv1.3","115","Application Data"
"315","9.384012","23.11.215.83","192.168.0.108","TLSv1.3","85","Application Data"
"316","9.384088","192.168.0.108","23.11.215.83","TCP","54","60449  >  443 [ACK] Seq=2788 Ack=644 Win=261376 Len=0"
"317","9.384432","192.168.0.108","23.11.215.83","TLSv1.3","85","Application Data"
"318","9.431835","23.11.215.83","192.168.0.108","TCP","54","443  >  60449 [ACK] Seq=644 Ack=2819 Win=64128 Len=0"
"319","9.624720","TPLink_50:fe:5d","Intel_81:40:ca","ARP","60","Who has 192.168.0.108? Tell 192.168.0.1"
"320","9.624756","Intel_81:40:ca","TPLink_50:fe:5d","ARP","42","192.168.0.108 is at 08:9d:f4:81:40:ca"
"321","9.625975","192.168.0.1","192.168.0.108","NBNS","92","Name query NBSTAT *<00><00><00><00><00><00><00><00><00><00><00><00><00><00><00>"
"322","10.447368","192.168.0.102","255.255.255.255","ADwin Config","142",""
"323","10.447368","23.11.215.83","192.168.0.108","TCP","1494","443  >  60449 [ACK] Seq=644 Ack=2819 Win=64128 Len=1440 [TCP segment of a reassembled PDU]"
"324","10.447368","23.11.215.83","192.168.0.108","TLSv1.3","1461","Application Data"
"325","10.447368","23.11.215.83","192.168.0.108","TCP","1494","443  >  60449 [ACK] Seq=3491 Ack=2819 Win=64128 Len=1440 [TCP segment of a reassembled PDU]"
"326","10.447368","23.11.215.83","192.168.0.108","TCP","1494","443  >  60449 [ACK] Seq=4931 Ack=2819 Win=64128 Len=1440 [TCP segment of a reassembled PDU]"
"327","10.447368","23.11.215.83","192.168.0.108","TCP","1494","443  >  60449 [ACK] Seq=6371 Ack=2819 Win=64128 Len=1440 [TCP segment of a reassembled PDU]"
"328","10.447368","23.11.215.83","192.168.0.108","TCP","1494","443  >  60449 [ACK] Seq=7811 Ack=2819 Win=64128 Len=1440 [TCP segment of a reassembled PDU]"
"329","10.447368","23.11.215.83","192.168.0.108","TCP","1494","443  >  60449 [ACK] Seq=9251 Ack=2819 Win=64128 Len=1440 [TCP segment of a reassembled PDU]"
"330","10.447368","23.11.215.83","192.168.0.108","TCP","1494","443  >  60449 [ACK] Seq=10691 Ack=2819 Win=64128 Len=1440 [TCP segment of a reassembled PDU]"
"331","10.447368","23.11.215.83","192.168.0.108","TCP","1494","443  >  60449 [ACK] Seq=12131 Ack=2819 Win=64128 Len=1440 [TCP segment of a reassembled PDU]"
"332","10.447368","23.11.215.83","192.168.0.108","TCP","1494","443  >  60449 [PSH, ACK] Seq=13571 Ack=2819 Win=64128 Len=1440 [TCP segment of a reassembled PDU]"
"333","10.447368","23.11.215.83","192.168.0.108","TCP","1494","443  >  60449 [ACK] Seq=15011 Ack=2819 Win=64128 Len=1440 [TCP segment of a reassembled PDU]"
"334","10.447368","23.11.215.83","192.168.0.108","TCP","1494","443  >  60449 [ACK] Seq=16451 Ack=2819 Win=64128 Len=1440 [TCP segment of a reassembled PDU]"
"335","10.447368","23.11.215.83","192.168.0.108","TCP","1494","443  >  60449 [ACK] Seq=17891 Ack=2819 Win=64128 Len=1440 [TCP segment of a reassembled PDU]"
"336","10.447368","23.11.215.83","192.168.0.108","TLSv1.3","620","Application Data"
"337","10.447368","23.11.215.83","192.168.0.108","TLSv1.3","1494","Application Data"
"338","10.447368","23.11.215.83","192.168.0.108","TCP","1494","443  >  60449 [PSH, ACK] Seq=21337 Ack=2819 Win=64128 Len=1440 [TCP segment of a reassembled PDU]"
"339","10.447885","192.168.0.108","23.11.215.83","TCP","54","60449  >  443 [ACK] Seq=2819 Ack=22777 Win=262144 Len=0"
"340","10.448053","23.11.215.83","192.168.0.108","TCP","1494","443  >  60449 [ACK] Seq=22777 Ack=2819 Win=64128 Len=1440 [TCP segment of a reassembled PDU]"
"341","10.448053","TPLink_50:fe:5d","Intel_81:40:ca","ARP","60","Who has 192.168.0.108? Tell 192.168.0.1"
"342","10.448053","192.168.0.1","192.168.0.108","NBNS","92","Name query NBSTAT *<00><00><00><00><00><00><00><00><00><00><00><00><00><00><00>"
"343","10.448128","192.168.0.108","23.11.215.83","TCP","54","60449  >  443 [ACK] Seq=2819 Ack=24217 Win=262144 Len=0"
"344","10.448256","Intel_81:40:ca","TPLink_50:fe:5d","ARP","42","192.168.0.108 is at 08:9d:f4:81:40:ca"
"345","10.455609","23.11.215.83","192.168.0.108","TCP","1494","443  >  60449 [ACK] Seq=24217 Ack=2819 Win=64128 Len=1440 [TCP segment of a reassembled PDU]"
"346","10.455609","23.11.215.83","192.168.0.108","TCP","1494","443  >  60449 [ACK] Seq=25657 Ack=2819 Win=64128 Len=1440 [TCP segment of a reassembled PDU]"
"347","10.455609","23.11.215.83","192.168.0.108","TCP","1494","443  >  60449 [ACK] Seq=27097 Ack=2819 Win=64128 Len=1440 [TCP segment of a reassembled PDU]"
"348","10.455738","192.168.0.108","23.11.215.83","TCP","54","60449  >  443 [ACK] Seq=2819 Ack=28537 Win=262144 Len=0"
"349","10.456514","23.11.215.83","192.168.0.108","TCP","1494","443  >  60449 [ACK] Seq=28537 Ack=2819 Win=64128 Len=1440 [TCP segment of a reassembled PDU]"
"350","10.456514","23.11.215.83","192.168.0.108","TCP","1494","443  >  60449 [ACK] Seq=29977 Ack=2819 Win=64128 Len=1440 [TCP segment of a reassembled PDU]"
"351","10.456514","23.11.215.83","192.168.0.108","TCP","1494","443  >  60449 [ACK] Seq=31417 Ack=2819 Win=64128 Len=1440 [TCP segment of a reassembled PDU]"
"352","10.456514","23.11.215.83","192.168.0.108","TCP","1494","443  >  60449 [ACK] Seq=32857 Ack=2819 Win=64128 Len=1440 [TCP segment of a reassembled PDU]"
"353","10.456514","23.11.215.83","192.168.0.108","TCP","1494","443  >  60449 [ACK] Seq=34297 Ack=2819 Win=64128 Len=1440 [TCP segment of a reassembled PDU]"
"354","10.456514","23.11.215.83","192.168.0.108","TLSv1.3","1494","Application Data, Application Data"
"355","10.456514","23.11.215.83","192.168.0.108","TCP","1494","443  >  60449 [PSH, ACK] Seq=37177 Ack=2819 Win=64128 Len=1440 [TCP segment of a reassembled PDU]"
"356","10.456644","192.168.0.108","23.11.215.83","TCP","54","60449  >  443 [ACK] Seq=2819 Ack=38617 Win=262144 Len=0"
"357","10.457613","23.11.215.83","192.168.0.108","TLSv1.3","1494","Application Data"
"358","10.457613","23.11.215.83","192.168.0.108","TCP","1494","443  >  60449 [ACK] Seq=40057 Ack=2819 Win=64128 Len=1440 [TCP segment of a reassembled PDU]"
"359","10.457613","23.11.215.83","192.168.0.108","TCP","1494","443  >  60449 [ACK] Seq=41497 Ack=2819 Win=64128 Len=1440 [TCP segment of a reassembled PDU]"
"360","10.457613","23.11.215.83","192.168.0.108","TCP","1494","443  >  60449 [ACK] Seq=42937 Ack=2819 Win=64128 Len=1440 [TCP segment of a reassembled PDU]"
"361","10.457613","23.11.215.83","192.168.0.108","TCP","1494","443  >  60449 [ACK] Seq=44377 Ack=2819 Win=64128 Len=1440 [TCP segment of a reassembled PDU]"
"362","10.457613","23.11.215.83","192.168.0.108","TCP","1494","443  >  60449 [ACK] Seq=45817 Ack=2819 Win=64128 Len=1440 [TCP segment of a reassembled PDU]"
"363","10.457613","23.11.215.83","192.168.0.108","TCP","1494","443  >  60449 [ACK] Seq=47257 Ack=2819 Win=64128 Len=1440 [TCP segment of a reassembled PDU]"
"364","10.457613","23.11.215.83","192.168.0.108","TCP","1494","443  >  60449 [ACK] Seq=48697 Ack=2819 Win=64128 Len=1440 [TCP segment of a reassembled PDU]"
"365","10.457613","23.11.215.83","192.168.0.108","TCP","1494","443  >  60449 [ACK] Seq=50137 Ack=2819 Win=64128 Len=1440 [TCP segment of a reassembled PDU]"
"366","10.457753","192.168.0.108","23.11.215.83","TCP","54","60449  >  443 [ACK] Seq=2819 Ack=51577 Win=262144 Len=0"
"367","10.457822","23.11.215.83","192.168.0.108","TLSv1.3","1179","Application Data"
"368","10.457857","192.168.0.108","23.11.215.83","TCP","54","60449  >  443 [ACK] Seq=2819 Ack=52702 Win=260864 Len=0"
"369","10.614634","192.168.0.108","138.199.14.88","TCP","55","[TCP Keep-Alive] 60233  >  443 [ACK] Seq=1 Ack=1 Win=64174 Len=1"
"370","10.617239","138.199.14.88","192.168.0.108","TCP","54","[TCP Keep-Alive] 443  >  60233 [ACK] Seq=0 Ack=2 Win=63452 Len=0"
"371","10.617327","192.168.0.108","138.199.14.88","TCP","54","[TCP Keep-Alive ACK] 60233  >  443 [ACK] Seq=2 Ack=1 Win=64174 Len=0"
"372","10.853930","138.199.14.88","192.168.0.108","TCP","54","[TCP Dup ACK 5#1] 443  >  60233 [ACK] Seq=1 Ack=2 Win=63452 Len=0"
